{
  "id": "3782266",
  "name": "02-VIP",
  "font_family": "iconfont",
  "css_prefix_text": "icon-",
  "description": "",
  "glyphs": [
    {
      "icon_id": "629357",
      "name": "搜索",
      "font_class": "sousuo",
      "unicode": "e651",
      "unicode_decimal": 58961
    },
    {
      "icon_id": "3086568",
      "name": "IT权限",
      "font_class": "ITquanxian",
      "unicode": "e75f",
      "unicode_decimal": 59231
    },
    {
      "icon_id": "6913729",
      "name": "权限管理",
      "font_class": "quanxianguanli1",
      "unicode": "e670",
      "unicode_decimal": 58992
    },
    {
      "icon_id": "3538379",
      "name": "删除",
      "font_class": "shanchu",
      "unicode": "e718",
      "unicode_decimal": 59160
    },
    {
      "icon_id": "4785974",
      "name": "提醒",
      "font_class": "tixing",
      "unicode": "e76e",
      "unicode_decimal": 59246
    },
    {
      "icon_id": "8875682",
      "name": "支付失败",
      "font_class": "zhifushibai",
      "unicode": "e663",
      "unicode_decimal": 58979
    },
    {
      "icon_id": "9752794",
      "name": "成功",
      "font_class": "chenggong",
      "unicode": "e60d",
      "unicode_decimal": 58893
    },
    {
      "icon_id": "14592190",
      "name": "属性",
      "font_class": "shuxing1",
      "unicode": "e66e",
      "unicode_decimal": 58990
    },
    {
      "icon_id": "16399009",
      "name": "组件",
      "font_class": "zujian",
      "unicode": "e85e",
      "unicode_decimal": 59486
    },
    {
      "icon_id": "1305399",
      "name": "保存",
      "font_class": "baocun",
      "unicode": "e63c",
      "unicode_decimal": 58940
    },
    {
      "icon_id": "6880947",
      "name": "退出",
      "font_class": "tuichu",
      "unicode": "e695",
      "unicode_decimal": 59029
    },
    {
      "icon_id": "579920",
      "name": "Android更多",
      "font_class": "androidgengduo",
      "unicode": "e78d",
      "unicode_decimal": 59277
    },
    {
      "icon_id": "24847071",
      "name": "导入素材",
      "font_class": "daorusucai",
      "unicode": "e675",
      "unicode_decimal": 58997
    },
    {
      "icon_id": "1304875",
      "name": "减",
      "font_class": "jian",
      "unicode": "e620",
      "unicode_decimal": 58912
    },
    {
      "icon_id": "7834345",
      "name": "plus",
      "font_class": "plus",
      "unicode": "e8fe",
      "unicode_decimal": 59646
    },
    {
      "icon_id": "10083034",
      "name": "GIS-图例、图层icon_压力流量点",
      "font_class": "GIS-tulitucengicon_yaliliuliangdian",
      "unicode": "e612",
      "unicode_decimal": 58898
    },
    {
      "icon_id": "11806561",
      "name": "空气压缩机",
      "font_class": "kongqiyasuoji",
      "unicode": "e67a",
      "unicode_decimal": 59002
    },
    {
      "icon_id": "8862489",
      "name": "管道疏通",
      "font_class": "guandaoshutong",
      "unicode": "e629",
      "unicode_decimal": 58921
    },
    {
      "icon_id": "12392667",
      "name": "gf管道",
      "font_class": "gfguandao",
      "unicode": "e7cb",
      "unicode_decimal": 59339
    },
    {
      "icon_id": "12550672",
      "name": "管道",
      "font_class": "guandao",
      "unicode": "e63b",
      "unicode_decimal": 58939
    },
    {
      "icon_id": "12719947",
      "name": "流程",
      "font_class": "liucheng",
      "unicode": "e611",
      "unicode_decimal": 58897
    },
    {
      "icon_id": "7503129",
      "name": "人头",
      "font_class": "rentou1",
      "unicode": "e6ca",
      "unicode_decimal": 59082
    },
    {
      "icon_id": "4630553",
      "name": "我的",
      "font_class": "wode",
      "unicode": "e64a",
      "unicode_decimal": 58954
    },
    {
      "icon_id": "655441",
      "name": "iconfont-zhishu",
      "font_class": "iconfontzhishu",
      "unicode": "e62a",
      "unicode_decimal": 58922
    },
    {
      "icon_id": "1525694",
      "name": "盾牌",
      "font_class": "shell",
      "unicode": "e605",
      "unicode_decimal": 58885
    },
    {
      "icon_id": "1819246",
      "name": "设备",
      "font_class": "shebei",
      "unicode": "e77e",
      "unicode_decimal": 59262
    },
    {
      "icon_id": "6122878",
      "name": "minmize",
      "font_class": "minmize",
      "unicode": "e7e6",
      "unicode_decimal": 59366
    },
    {
      "icon_id": "10123149",
      "name": "user",
      "font_class": "user",
      "unicode": "e610",
      "unicode_decimal": 58896
    },
    {
      "icon_id": "11180229",
      "name": "最大化",
      "font_class": "zuidahua",
      "unicode": "e694",
      "unicode_decimal": 59028
    },
    {
      "icon_id": "11862886",
      "name": "监测",
      "font_class": "inspect_selected",
      "unicode": "e601",
      "unicode_decimal": 58881
    },
    {
      "icon_id": "13960376",
      "name": "close",
      "font_class": "close",
      "unicode": "e653",
      "unicode_decimal": 58963
    },
    {
      "icon_id": "14237087",
      "name": "down",
      "font_class": "down",
      "unicode": "e6df",
      "unicode_decimal": 59103
    },
    {
      "icon_id": "14917961",
      "name": "password_log in_norm",
      "font_class": "password_login_norm",
      "unicode": "e602",
      "unicode_decimal": 58882
    },
    {
      "icon_id": "17689789",
      "name": "盾牌 (2)",
      "font_class": "dunpai",
      "unicode": "e603",
      "unicode_decimal": 58883
    },
    {
      "icon_id": "18355143",
      "name": "right",
      "font_class": "htbArrowright02",
      "unicode": "e604",
      "unicode_decimal": 58884
    },
    {
      "icon_id": "18758154",
      "name": "right",
      "font_class": "bottom",
      "unicode": "e720",
      "unicode_decimal": 59168
    },
    {
      "icon_id": "19914933",
      "name": "监测",
      "font_class": "jiance",
      "unicode": "e606",
      "unicode_decimal": 58886
    },
    {
      "icon_id": "712340",
      "name": "折线图",
      "font_class": "icon-line-graph",
      "unicode": "e662",
      "unicode_decimal": 58978
    },
    {
      "icon_id": "3019998",
      "name": "二级-工单报表",
      "font_class": "erji-gongdanbaobiao",
      "unicode": "ea9d",
      "unicode_decimal": 60061
    },
    {
      "icon_id": "3868278",
      "name": "权限审批",
      "font_class": "quanxianshenpi",
      "unicode": "eb65",
      "unicode_decimal": 60261
    },
    {
      "icon_id": "4236632",
      "name": "湿度",
      "font_class": "shidu",
      "unicode": "e60a",
      "unicode_decimal": 58890
    },
    {
      "icon_id": "5922268",
      "name": "74_流程实例",
      "font_class": "_liuchengshili",
      "unicode": "e609",
      "unicode_decimal": 58889
    },
    {
      "icon_id": "7326003",
      "name": "配置",
      "font_class": "peizhi",
      "unicode": "e60f",
      "unicode_decimal": 58895
    },
    {
      "icon_id": "8406405",
      "name": "流体机械",
      "font_class": "liutijixie",
      "unicode": "e649",
      "unicode_decimal": 58953
    },
    {
      "icon_id": "10194311",
      "name": "报表",
      "font_class": "baobiao",
      "unicode": "e65a",
      "unicode_decimal": 58970
    },
    {
      "icon_id": "12844207",
      "name": "m_act",
      "font_class": "m_act",
      "unicode": "e71b",
      "unicode_decimal": 59163
    },
    {
      "icon_id": "13584344",
      "name": "每周回顾报表",
      "font_class": "meizhouhuigubaobiao",
      "unicode": "e6db",
      "unicode_decimal": 59099
    },
    {
      "icon_id": "13638743",
      "name": "温度",
      "font_class": "wendu",
      "unicode": "e660",
      "unicode_decimal": 58976
    },
    {
      "icon_id": "14915063",
      "name": "数据曲线",
      "font_class": "shujuquxian-05",
      "unicode": "e634",
      "unicode_decimal": 58932
    },
    {
      "icon_id": "17681548",
      "name": "实时数据",
      "font_class": "shishishuju",
      "unicode": "e637",
      "unicode_decimal": 58935
    },
    {
      "icon_id": "17681555",
      "name": "组态管理",
      "font_class": "zutaiguanli",
      "unicode": "e639",
      "unicode_decimal": 58937
    },
    {
      "icon_id": "20299341",
      "name": "环境传感器故障",
      "font_class": "huanjingchuanganqiguzhang",
      "unicode": "e60b",
      "unicode_decimal": 58891
    },
    {
      "icon_id": "20300035",
      "name": "曲线监测",
      "font_class": "quxianjiance",
      "unicode": "e61a",
      "unicode_decimal": 58906
    },
    {
      "icon_id": "24848474",
      "name": "权限管理",
      "font_class": "quanxianguanli",
      "unicode": "e63a",
      "unicode_decimal": 58938
    },
    {
      "icon_id": "25447591",
      "name": "合_9 企业报表",
      "font_class": "a-he_9qiyebaobiao",
      "unicode": "e703",
      "unicode_decimal": 59139
    },
    {
      "icon_id": "31325398",
      "name": "曲线图",
      "font_class": "quxiantu",
      "unicode": "e64b",
      "unicode_decimal": 58955
    }
  ]
}
